{
  "val_f1_best": 0.9345432876107892,
  "test_acc": 0.9448568398727466,
  "test_f1": 0.9411708119676176,
  "per_class": {
    "cardboard": {
      "precision": 1.0,
      "recall": 0.917910447761194,
      "f1-score": 0.9571984435797666,
      "support": 134.0
    },
    "glass": {
      "precision": 0.9894736842105263,
      "recall": 0.9337748344370861,
      "f1-score": 0.9608177172061328,
      "support": 302.0
    },
    "metal": {
      "precision": 0.8650793650793651,
      "recall": 0.9478260869565217,
      "f1-score": 0.9045643153526971,
      "support": 115.0
    },
    "organic": {
      "precision": 0.9363636363636364,
      "recall": 0.9809523809523809,
      "f1-score": 0.958139534883721,
      "support": 105.0
    },
    "paper": {
      "precision": 0.9171597633136095,
      "recall": 0.9872611464968153,
      "f1-score": 0.950920245398773,
      "support": 157.0
    },
    "plastic": {
      "precision": 0.9153846153846154,
      "recall": 0.9153846153846154,
      "f1-score": 0.9153846153846154,
      "support": 130.0
    },
    "accuracy": 0.9448568398727466,
    "macro avg": {
      "precision": 0.9372435107252922,
      "recall": 0.9471849186647688,
      "f1-score": 0.9411708119676176,
      "support": 943.0
    },
    "weighted avg": {
      "precision": 0.9476324965791353,
      "recall": 0.9448568398727466,
      "f1-score": 0.9452339003095429,
      "support": 943.0
    }
  }
}